method,q_error,abs_error
Iconq,1.0428,0.2571
Iconq,1.0416,0.0799
Iconq,1.0638,0.3195
Iconq,1.0232,0.0454
Iconq,1.0461,0.0923
Iconq,1.0169,0.05
Iconq,1.2035,0.5079
Iconq,1.5878,0.5885
Iconq,1.1145,0.2293
Iconq,1.334,0.5014
Iconq,1.0464,0.1857
Iconq,1.0562,0.0533
Iconq,1.3883,0.3888
Iconq,1.0758,0.1517
Iconq,1.1183,0.2117
Iconq,1.1224,0.2452
Iconq,1.2145,0.3537
Iconq,1.0588,0.1177
Iconq,1.0656,1.2935
Iconq,1.0912,0.0913
Iconq,1.1589,0.159
Iconq,1.0159,0.0784
Iconq,1.1306,0.6537
Iconq,1.3897,0.5613
Iconq,1.1296,0.3446
Iconq,1.5731,2.5516
Iconq,1.8547,4.6105
Iconq,1.0804,0.8939
Iconq,1.1011,0.2755
Iconq,1.5665,1.1335
Iconq,1.1295,0.2294
Iconq,1.2137,0.5286
Iconq,1.1656,0.4973
Iconq,1.1619,2.43
Iconq,1.0918,0.0842
Iconq,1.0166,0.0163
Iconq,1.0921,0.0921
Iconq,1.1149,0.1149
Iconq,1.0286,0.0279
Iconq,1.7681,0.7682
Iconq,1.2277,0.2279
Iconq,1.7145,0.715
Iconq,1.0028,0.0197
Iconq,1.044,0.088
Iconq,1.1853,0.3708
Iconq,1.1117,0.5028
Iconq,1.636,0.7782
Iconq,1.0558,0.0558
Iconq,1.0793,0.3174
Iconq,1.2192,0.2192
Iconq,1.2789,0.279
Iconq,1.3557,0.5253
Iconq,1.048,0.0961
Iconq,2.0028,1.0022
Iconq,1.2032,0.4067
Iconq,1.6045,0.7544
Iconq,1.1124,0.4505
Iconq,1.0201,0.0201
Iconq,1.0406,0.1172
Iconq,1.0329,0.0329
Iconq,1.1122,0.2247
Iconq,1.0558,0.5027
Iconq,1.2823,0.2825
Iconq,1.1032,0.1033
Iconq,1.3279,0.3281
Iconq,1.0559,0.056
Iconq,1.2356,0.2358
Iconq,1.0758,0.0758
Iconq,1.0159,0.0157
Iconq,1.1498,0.3909
Iconq,1.3077,0.3078
Iconq,1.1109,0.555
Iconq,1.0157,0.0155
Iconq,1.1605,0.1385
Iconq,1.4359,0.9111
Iconq,1.1914,0.1915
Iconq,1.1047,0.2097
Iconq,1.1258,0.2238
Iconq,1.0553,0.1109
Iconq,1.2023,0.81
Iconq,1.1644,0.1645
Iconq,1.0462,0.0462
Iconq,1.0564,0.113
Iconq,1.0794,0.1475
Iconq,1.2182,0.4373
Iconq,1.0183,0.036
Iconq,1.1549,0.3101
Iconq,1.2816,0.8457
Iconq,1.6053,0.6063
Iconq,1.0336,0.0674
Iconq,1.1145,0.3443
Iconq,1.072,0.0673
Iconq,1.5817,0.7367
Iconq,1.1706,0.3418
Iconq,1.0507,0.0966
Iconq,1.1265,0.3799
Iconq,1.1453,0.3811
Iconq,1.0595,0.1692
Iconq,1.3819,0.3827
Iconq,1.0916,0.3667
Iconq,1.0191,0.0191
Iconq,1.0971,0.0971
Iconq,1.055,0.1651
Iconq,1.0108,0.032
Iconq,1.0416,0.1198
Iconq,1.1715,0.1716
Iconq,1.1255,0.3771
Iconq,1.4218,0.4227
Iconq,1.3891,0.5611
Iconq,1.0422,0.1269
Iconq,1.2676,0.2682
Iconq,1.3873,0.5596
Iconq,1.0757,0.1518
Iconq,1.3262,0.493
Iconq,1.0888,0.2668
Iconq,1.266,0.631
Iconq,1.0686,0.6185
Iconq,1.3269,0.2465
Iconq,1.161,0.1611
Iconq,1.3293,0.3295
Iconq,1.2341,0.2346
Iconq,1.0177,0.0177
Iconq,1.421,0.4212
Iconq,1.2896,0.2898
Iconq,1.3776,1.1353
Iconq,1.3044,0.305
Iconq,1.5332,0.6968
Iconq,1.1402,0.2808
Iconq,2.0395,1.021
Iconq,1.024,0.0961
Iconq,1.1339,0.1339
Iconq,1.3441,0.3445
Iconq,1.1241,0.2226
Iconq,1.1835,0.3675
Iconq,2.03,1.0172
Iconq,1.1204,0.2413
Iconq,1.8157,0.9
Iconq,1.0693,0.6241
Iconq,1.0322,0.0322
Iconq,1.0396,0.0396
Iconq,1.0066,0.0066
Iconq,1.284,0.2842
Iconq,1.0951,0.2855
Iconq,1.5114,0.5115
Iconq,2.2363,1.6606
Iconq,1.1987,0.1988
Iconq,1.0569,0.1138
Iconq,1.0797,0.3193
Iconq,1.0837,0.0773
Iconq,1.2236,0.5493
Iconq,1.7161,0.7177
Iconq,1.1024,0.205
Iconq,1.2118,0.8486
Iconq,1.0075,0.0148
Iconq,1.8027,1.3381
Iconq,1.2189,0.2194
Iconq,1.057,0.1142
Iconq,1.2206,0.4421
Iconq,1.1792,0.3052
Iconq,1.1437,0.4319
Iconq,1.078,0.2344
Iconq,1.1671,0.1675
Iconq,1.8297,0.9082
Iconq,1.0119,0.0595
Iconq,1.1187,0.3565
Iconq,1.0771,0.2868
Iconq,1.0751,0.07
Iconq,1.1649,0.165
Iconq,1.0667,0.1336
Iconq,1.169,0.5075
Iconq,1.2167,0.2171
Iconq,1.2863,0.4459
Iconq,1.0384,0.1154
Iconq,1.026,0.0254
Iconq,1.2937,0.8814
Iconq,1.0313,0.0941
Iconq,1.1177,0.1178
Iconq,1.1502,0.3009
Iconq,1.148,0.5929
Iconq,1.2582,0.2584
Iconq,1.3344,0.3352
Iconq,1.1386,0.244
Iconq,1.1442,0.4332
Iconq,1.436,0.437
Iconq,1.1209,0.216
Iconq,1.5276,0.6917
Iconq,1.1107,0.2225
Iconq,1.0018,0.0036
Iconq,1.0982,0.4917
Iconq,1.3123,0.3124
Iconq,1.4162,0.4171
Iconq,1.3937,0.3943
Iconq,1.0671,0.1259
Iconq,1.1059,0.2121
Iconq,1.0273,0.0819
Iconq,1.2492,0.1999
Iconq,1.018,0.072
Iconq,1.0534,0.2029
Iconq,1.2001,0.1668
Iconq,1.1181,0.3172
Iconq,1.092,0.0845
Iconq,1.0905,0.2718
Iconq,1.2478,0.2479
Iconq,1.6067,0.7563
Iconq,1.0561,0.2248
Iconq,1.0611,0.1153
Iconq,1.4423,0.9222
Iconq,1.2571,0.2577
Iconq,1.0723,0.2896
Iconq,1.6292,1.5479
Iconq,1.0006,0.0006
Iconq,1.0908,0.4545
Iconq,1.0832,0.077
Iconq,1.234,0.4685
Iconq,1.2321,0.566
Iconq,2.1883,1.1909
Iconq,1.1904,0.3813
Iconq,1.1799,0.7201
Iconq,1.0328,0.2296
Iconq,1.0571,0.1143
Iconq,1.0154,0.0305
Iconq,1.0028,0.0056
Iconq,1.0805,0.149
Iconq,1.3847,0.8338
Iconq,1.5131,0.5132
Iconq,1.0813,0.2441
Iconq,1.3188,0.3191
Iconq,1.2,1.0016
Iconq,1.0695,0.0695
Iconq,1.3055,0.3058
Iconq,1.0029,0.0293
Iconq,1.7125,0.7141
Iconq,1.0664,0.5981
Iconq,1.5081,1.0122
Iconq,1.1465,0.3839
Iconq,1.2806,0.8433
Iconq,1.0495,0.0496
Iconq,1.0803,0.3216
Iconq,1.5895,1.1806
Iconq,1.1519,1.0651
Iconq,1.1528,0.4588
Iconq,1.0997,0.2996
Iconq,1.1274,0.1132
Iconq,1.2824,0.4415
Iconq,1.5162,1.0228
Iconq,1.3464,0.347
Iconq,1.2197,0.4396
Iconq,1.1251,0.6262
Iconq,1.0997,0.0998
Iconq,1.0853,0.3418
Iconq,1.0193,0.0194
Iconq,1.0071,0.0212
Iconq,1.1324,0.117
Iconq,1.1987,0.332
Iconq,1.0323,0.0646
Iconq,1.132,0.3964
Iconq,1.1093,0.1094
Iconq,1.2428,0.3915
Iconq,1.1935,0.3879
Iconq,1.3622,0.5326
Iconq,1.0235,0.391
Iconq,1.3678,0.269
Iconq,1.0181,0.0362
Iconq,1.0028,0.0142
Iconq,1.0068,0.0406
Iconq,1.5963,2.243
Iconq,1.7022,0.7029
Iconq,1.2178,0.218
Iconq,1.0734,0.147
Iconq,1.3759,0.5467
Iconq,1.3192,0.4841
Iconq,1.2314,0.376
Iconq,1.0625,0.1177
Iconq,1.4822,0.977
Iconq,1.5139,0.5145
Iconq,1.1035,0.2071
Iconq,1.1354,0.2388
Iconq,1.1376,0.2754
Iconq,1.0884,0.1626
Iconq,1.0267,0.1067
Iconq,1.0249,0.1745
Iconq,1.1443,0.4331
Iconq,1.1051,0.3154
Iconq,1.1755,0.5268
Iconq,1.2027,1.2173
Iconq,1.0515,0.3094
Iconq,1.1696,0.5091
Iconq,1.1532,0.1533
Iconq,1.5518,1.1042
Iconq,1.0864,0.2388
Iconq,1.2732,0.547
Iconq,1.0621,0.1171
Iconq,1.1246,0.499
Iconq,1.1075,0.4304
Iconq,1.0946,0.173
Iconq,1.1917,0.483
Iconq,1.2047,0.2048
Iconq,1.1233,0.2468
Iconq,1.2642,0.7935
Iconq,1.1705,0.4374
Iconq,1.001,0.0031
Iconq,1.2389,0.5801
Iconq,1.0796,0.0801
Iconq,1.1103,0.2208
Iconq,1.0748,0.1497
Iconq,1.1393,0.5575
Iconq,1.744,0.7449
Iconq,1.7463,0.747
Iconq,1.342,0.5101
Iconq,1.0604,0.1813
Iconq,1.2719,0.214
Iconq,1.1505,0.2618
Iconq,1.5705,0.727
Iconq,1.1103,0.4414
Iconq,1.7582,0.7589
Iconq,1.4694,0.9588
Iconq,1.1684,0.5056
Iconq,1.2835,0.6632
Iconq,1.0977,0.2934
Iconq,1.031,0.7219
Iconq,1.1743,0.6976
Iconq,1.0854,0.3418
Iconq,1.3876,0.3877
Iconq,1.2025,0.2028
Iconq,1.1227,0.2456
Iconq,1.03,0.0901
Iconq,1.0581,0.1746
Iconq,1.2553,0.2556
Iconq,1.0768,0.1427
Iconq,1.1684,0.3369
Iconq,1.2907,1.7457
Iconq,1.0317,0.0635
Iconq,1.132,0.2642
Iconq,1.0927,0.1856
Iconq,1.0075,0.0225
Iconq,1.1133,0.4537
Iconq,1.1437,0.503
Iconq,1.0131,0.013
Iconq,1.0673,0.2021
Iconq,1.5058,1.0089
Iconq,1.8705,0.8715
Iconq,1.2573,1.2876
Iconq,1.1979,0.1981
Iconq,1.0812,0.3006
Iconq,1.2686,1.0752
Iconq,1.63,0.6303
Iconq,1.0291,0.0283
Iconq,1.0558,0.1059
Iconq,1.2147,0.6456
Iconq,1.0656,1.5404
Iconq,1.0004,0.0004
Iconq,1.1615,0.3234
Iconq,1.0847,0.2345
Iconq,1.5835,0.5842
Iconq,1.6633,0.7985
Iconq,1.2655,0.42
Iconq,1.0825,0.3303
Iconq,1.1236,0.1237
Iconq,1.3162,0.9494
Iconq,1.4369,0.437
Iconq,1.0916,2.3517
Iconq,1.0118,0.0118
Iconq,1.0018,0.0018
Iconq,1.1838,0.368
Iconq,1.0133,0.1315
Iconq,2.7317,3.1715
Iconq,1.7654,0.7655
Iconq,1.1093,0.1093
Iconq,1.2381,1.4295
Iconq,1.0852,0.1705
Iconq,1.0033,0.0231
Iconq,1.1003,0.1004
Iconq,1.525,0.5257
Iconq,1.0557,0.2788
Iconq,1.0347,0.9034
Iconq,1.1745,1.5719
Iconq,1.0222,0.0217
Iconq,1.1032,0.1033
Iconq,1.0366,0.0366
Iconq,1.2722,0.2725
Iconq,1.058,0.0581
Iconq,1.1125,0.4049
Iconq,1.1445,0.1264
Iconq,1.0077,0.0076
Iconq,1.107,0.4285
Iconq,2.0714,1.0724
Iconq,1.1456,0.3815
Iconq,1.118,0.1181
Iconq,1.0855,0.3424
Iconq,1.1043,0.1045
Iconq,1.4268,0.4273
Iconq,1.3674,0.7353
Iconq,2.095,1.0463
Iconq,1.094,0.2823
Iconq,1.0438,0.0439
Iconq,2.4717,1.1917
Iconq,1.6254,1.1571
Iconq,1.1009,0.2756
Iconq,1.2019,1.0113
Iconq,1.2273,0.2275
Iconq,1.1406,0.1407
Iconq,1.1549,0.1551
Iconq,1.0957,0.1747
Iconq,1.2879,0.5762
Iconq,1.0682,0.2728
Iconq,1.0936,1.9693
Iconq,1.001,0.009
Iconq,1.0532,0.1515
Iconq,1.1646,0.4244
Iconq,1.0796,0.1477
Iconq,1.0269,0.0525
Iconq,1.0214,0.1711
Iconq,1.4882,0.4883
Iconq,1.3011,0.3014
Iconq,1.2612,0.2614
Iconq,1.098,0.0894
Iconq,1.0633,0.0595
Iconq,1.1023,0.1023
Iconq,1.0388,0.0748
Iconq,1.3595,0.5295
Iconq,1.0618,0.3709
Iconq,1.1254,0.251
Iconq,1.0082,0.0983
Iconq,1.3059,0.3062
Iconq,1.0366,0.1058
Iconq,1.7795,1.5598
Iconq,1.0184,0.0361
Iconq,1.0536,0.1018
Iconq,1.2841,0.4429
Iconq,1.1695,0.2901
Iconq,1.1558,0.2699
Iconq,1.1781,0.4536
Iconq,1.1973,0.7894
Iconq,1.0126,0.0496
Iconq,1.1572,0.3146
Iconq,1.1661,0.4984
Iconq,1.2059,0.2059
Iconq,1.0572,0.1718
Iconq,1.0103,0.0103
Iconq,2.4684,1.1907
Iconq,1.0493,0.1479
Iconq,1.451,0.4516
Iconq,1.2812,0.4394
Iconq,1.0608,0.183
Iconq,1.1151,0.3457
Iconq,1.3995,0.3997
Iconq,1.0519,0.0987
Iconq,1.1495,2.395
Iconq,1.0856,0.1578
Iconq,1.6007,1.2022
Iconq,1.105,0.1903
Iconq,1.1566,0.6272
Iconq,1.0079,0.0079
Iconq,1.0029,0.0029
Iconq,1.0488,0.0977
Iconq,1.5817,0.7364
Iconq,1.0617,0.1235
Iconq,1.0225,0.044
Iconq,1.1863,0.943
Iconq,1.0176,0.052
Iconq,1.0415,0.1245
Iconq,1.2105,0.8426
Iconq,1.2972,0.2973
Iconq,1.1366,2.1865
Iconq,1.0365,0.0365
Iconq,1.1116,0.2233
Iconq,1.1619,0.324
Iconq,1.1291,0.2582
Iconq,1.0168,0.066
Iconq,1.0461,0.0461
Iconq,1.1505,0.1505
Iconq,1.1604,0.2766
Iconq,1.1547,0.2681
Iconq,1.0859,0.2578
Iconq,1.1115,0.3013
Iconq,1.0159,0.0784
Iconq,1.0658,0.3294
Iconq,1.1698,0.1452
Iconq,1.0864,0.1729
Iconq,1.4228,0.8922
Iconq,1.284,0.8858
Iconq,1.0702,0.0657
Iconq,1.1024,0.1025
Iconq,1.0451,0.0864
Iconq,1.0379,0.3285
Iconq,1.0742,0.1382
Iconq,1.0526,0.2107
Iconq,1.0634,0.2386
Iconq,1.0379,0.2277
Iconq,1.2889,0.2892
Iconq,1.1075,0.1943
Iconq,1.0487,0.1396
Iconq,1.0526,0.211
Iconq,1.1083,0.2169
Iconq,1.5235,1.0322
Iconq,1.8867,0.8878
Iconq,1.2426,0.4857
Iconq,1.0012,0.0025
Iconq,1.0255,0.0766
Iconq,1.0196,0.0197
Iconq,1.6613,0.797
Iconq,1.0836,0.2511
Iconq,1.2164,0.2165
Iconq,1.3761,2.2579
Iconq,1.0162,0.0325
Iconq,1.0118,0.0233
Iconq,1.0216,0.0424
Iconq,1.1353,0.8122
Iconq,1.5832,0.5841
Iconq,1.0128,0.0126
Iconq,1.5356,0.5358
Iconq,1.5968,0.5969
Iconq,1.0087,0.0173
Iconq,1.1243,0.3731
Iconq,1.3818,0.382
Iconq,1.3361,0.5038
Iconq,1.0556,0.1669
Iconq,1.5704,0.5706
Iconq,1.3755,0.5466
Iconq,1.0467,0.0893
Iconq,1.3006,0.4626
Stage,1.1998,0.9999
Stage,1.0005,0.0011
Stage,2.4992,3.002
Stage,1.0004,0.0008
Stage,1.0,0.0
Stage,1.5002,1.0013
Stage,1.4985,0.9993
Stage,1.9992,1.0004
Stage,1.0006,0.0011
Stage,1.0002,0.0004
Stage,1.2499,1.0005
Stage,1.0001,0.0001
Stage,1.001,0.001
Stage,1.0,0.0
Stage,1.0,0.0
Stage,1.0001,0.0002
Stage,1.0008,0.0017
Stage,2.0004,2.0019
Stage,1.2354,4.0045
Stage,1.999,1.0003
Stage,1.0004,0.0004
Stage,1.2511,1.0053
Stage,1.429,1.5025
Stage,1.0002,0.0005
Stage,1.4998,1.0006
Stage,1.3997,2.0
Stage,1.0006,0.0061
Stage,1.9998,6.0026
Stage,1.167,0.5011
Stage,1.0002,0.0004
Stage,1.0002,0.0003
Stage,1.4996,1.0002
Stage,1.0001,0.0002
Stage,1.0664,0.9962
Stage,1.999,1.0002
Stage,2.0013,1.0018
Stage,2.0002,1.0006
Stage,2.0018,1.0021
Stage,1.0002,0.0002
Stage,2.0005,1.0007
Stage,1.999,1.0
Stage,1.0005,0.0005
Stage,1.1663,0.999
Stage,1.0,0.0
Stage,1.0002,0.0003
Stage,1.25,1.0009
Stage,1.0,0.0001
Stage,1.0005,0.0005
Stage,1.5001,2.0017
Stage,1.0003,0.0003
Stage,2.0015,1.0018
Stage,1.3336,0.5007
Stage,2.0008,2.0032
Stage,1.0002,0.0004
Stage,1.5004,1.0015
Stage,1.0,0.0
Stage,1.4985,1.9981
Stage,1.9992,1.0004
Stage,1.6641,1.9972
Stage,1.0,0.0
Stage,1.0002,0.0005
Stage,1.7774,7.0012
Stage,2.9995,2.0009
Stage,1.9996,1.0003
Stage,2.0008,1.0012
Stage,2.0015,1.0018
Stage,2.5036,1.5045
Stage,2.0007,1.0013
Stage,2.0004,1.0007
Stage,1.1671,0.5014
Stage,2.0011,1.0013
Stage,1.2008,1.0043
Stage,1.002,0.002
Stage,1.999,1.0001
Stage,1.4992,0.9994
Stage,2.0013,1.0017
Stage,1.0002,0.0004
Stage,1.998,1.0002
Stage,1.0011,0.0022
Stage,2.2497,5.0032
Stage,1.0005,0.0005
Stage,2.0006,1.0009
Stage,1.9993,2.0012
Stage,1.2496,0.5004
Stage,1.4981,0.9983
Stage,1.0006,0.0012
Stage,1.0,0.0
Stage,2.3334,4.0042
Stage,1.9979,0.9997
Stage,1.0002,0.0003
Stage,2.3307,3.9995
Stage,1.9976,0.9992
Stage,1.0007,0.0015
Stage,1.9975,1.9988
Stage,1.4995,0.9999
Stage,1.6657,1.9998
Stage,1.3327,0.9994
Stage,1.3285,0.9898
Stage,1.9974,0.9995
Stage,1.4998,2.0017
Stage,1.9973,0.9994
Stage,1.0006,0.0006
Stage,1.3329,0.9998
Stage,1.3339,1.0022
Stage,1.0001,0.0004
Stage,2.0008,1.0012
Stage,1.6651,1.9991
Stage,1.0004,0.0004
Stage,1.0005,0.0011
Stage,2.1637,3.499
Stage,1.0004,0.0004
Stage,1.0,0.0
Stage,1.2483,0.498
Stage,1.0013,0.0027
Stage,1.6663,2.0009
Stage,1.0,0.0
Stage,1.8882,8.0033
Stage,1.9997,1.0002
Stage,1.9989,1.0
Stage,2.0005,1.001
Stage,1.4985,0.4996
Stage,2.0003,1.0005
Stage,1.0002,0.0002
Stage,1.0002,0.0002
Stage,1.9975,2.9992
Stage,1.9973,0.9994
Stage,2.0012,1.0025
Stage,1.9988,2.0008
Stage,2.0007,1.002
Stage,1.4989,1.9984
Stage,1.501,0.5012
Stage,1.0001,0.0001
Stage,1.4886,0.9853
Stage,1.4994,1.0002
Stage,1.0012,0.0023
Stage,1.9979,2.0003
Stage,1.3339,0.5014
Stage,1.8889,8.0066
Stage,1.0002,0.0002
Stage,2.0006,1.0012
Stage,1.9983,0.9996
Stage,2.5004,1.5013
Stage,1.3342,1.0031
Stage,2.0014,1.0016
Stage,1.4984,0.9991
Stage,2.0011,1.0019
Stage,1.7503,1.5014
Stage,1.5003,2.0035
Stage,1.0002,0.0002
Stage,1.5005,1.0027
Stage,1.9973,0.9995
Stage,1.0004,0.0009
Stage,1.4991,1.9997
Stage,2.0011,2.0048
Stage,1.5011,1.0032
Stage,1.9971,0.9993
Stage,1.4982,0.9987
Stage,1.9982,2.0002
Stage,1.2472,0.4965
Stage,1.3314,0.9961
Stage,1.6653,1.9994
Stage,1.9975,0.9997
Stage,1.0006,0.0012
Stage,1.3002,1.5021
Stage,1.3324,0.9982
Stage,1.3332,1.0008
Stage,1.9976,0.9993
Stage,2.0016,1.0019
Stage,1.5007,1.002
Stage,1.6664,2.0015
Stage,1.9975,0.9995
Stage,1.4988,0.9991
Stage,1.3328,0.9996
Stage,1.5005,0.5016
Stage,1.4994,0.9997
Stage,1.3332,1.0007
Stage,1.0001,0.0001
Stage,1.0017,0.0034
Stage,1.2485,0.996
Stage,1.0,0.0
Stage,1.4992,0.5003
Stage,1.3351,0.5031
Stage,1.3332,1.0007
Stage,1.9976,0.9999
Stage,1.4989,0.9994
Stage,1.9998,1.0012
Stage,1.0044,0.0087
Stage,1.0005,0.0009
Stage,1.2,1.0011
Stage,1.0007,0.0007
Stage,1.4989,0.4999
Stage,1.0001,0.0001
Stage,1.0003,0.0007
Stage,1.0001,0.0002
Stage,1.0007,0.0022
Stage,1.0001,0.0001
Stage,1.0006,0.0023
Stage,1.0001,0.0005
Stage,1.0003,0.0003
Stage,1.5002,1.0013
Stage,1.9975,0.9997
Stage,1.3329,0.9995
Stage,2.0014,1.0018
Stage,1.001,0.0019
Stage,1.0,0.0
Stage,1.0009,0.0018
Stage,1.502,1.0049
Stage,1.9966,0.9989
Stage,1.0017,0.0067
Stage,1.9973,2.0013
Stage,1.0,0.0
Stage,1.2505,1.0032
Stage,1.9965,0.9987
Stage,1.0,0.0
Stage,1.4999,1.0016
Stage,1.9964,0.9986
Stage,1.9984,2.0
Stage,1.0001,0.0002
Stage,1.0773,0.5031
Stage,1.0001,0.0001
Stage,1.0024,0.0048
Stage,1.0021,0.0041
Stage,1.0,0.0
Stage,1.499,0.9992
Stage,2.0001,1.0004
Stage,1.0002,0.0007
Stage,1.0008,0.0008
Stage,1.0006,0.0029
Stage,1.0009,0.0009
Stage,1.9991,1.0
Stage,1.1123,1.0112
Stage,1.0005,0.0005
Stage,1.3857,2.509
Stage,1.5003,1.0018
Stage,1.5015,1.0035
Stage,1.5008,1.0028
Stage,1.0004,0.0004
Stage,2.0005,2.0031
Stage,1.0001,0.0002
Stage,1.0005,0.0036
Stage,1.1996,0.4997
Stage,1.0009,0.0028
Stage,1.0014,0.0014
Stage,1.0018,0.0036
Stage,1.5006,1.0022
Stage,1.9985,1.0
Stage,1.0003,0.0005
Stage,1.0003,0.0016
Stage,1.9997,1.0002
Stage,1.0,0.0
Stage,1.0004,0.0004
Stage,1.0,0.0001
Stage,1.0003,0.0003
Stage,1.0002,0.0005
Stage,1.5021,1.0048
Stage,1.5003,1.0012
Stage,2.0006,1.0008
Stage,1.0011,0.0023
Stage,1.0006,0.0011
Stage,2.0013,1.0024
Stage,1.0627,1.0037
Stage,1.0001,0.0001
Stage,1.0001,0.0003
Stage,1.2485,0.9957
Stage,1.1996,0.9991
Stage,1.9997,3.0016
Stage,1.0003,0.0003
Stage,2.0005,1.0014
Stage,1.4997,0.9998
Stage,1.0,0.0001
Stage,1.0005,0.001
Stage,1.0006,0.0011
Stage,1.0002,0.0004
Stage,1.5002,1.0013
Stage,1.9989,1.0001
Stage,1.0003,0.0007
Stage,1.0,0.0
Stage,1.0021,0.0041
Stage,1.0,0.0
Stage,1.2503,1.0019
Stage,1.1663,0.9987
Stage,1.0002,0.0007
Stage,1.199,0.4983
Stage,1.0002,0.0007
Stage,1.2,1.0011
Stage,1.4993,1.9996
Stage,1.497,0.9968
Stage,1.0005,0.0005
Stage,1.0002,0.0003
Stage,1.9997,1.5009
Stage,1.0,0.0
Stage,1.3332,0.5004
Stage,1.2503,1.0018
Stage,1.3331,0.9999
Stage,1.2516,0.5036
Stage,1.4996,1.0003
Stage,1.001,0.001
Stage,1.0003,0.0006
Stage,1.3331,1.0004
Stage,1.4998,1.0007
Stage,1.5025,1.0061
Stage,1.0021,0.0063
Stage,1.9876,0.9942
Stage,1.0,0.0
Stage,1.3331,0.5002
Stage,1.0,0.0
Stage,1.4992,0.4998
Stage,1.9999,1.0009
Stage,1.0003,0.0006
Stage,1.0,0.0
Stage,1.0011,0.0011
Stage,1.0005,0.001
Stage,1.0001,0.0002
Stage,1.0002,0.0008
Stage,1.4999,0.5004
Stage,1.4988,0.9989
Stage,1.0,0.0
Stage,1.1664,0.4996
Stage,1.4999,1.0011
Stage,1.1664,3.9964
Stage,1.0001,0.0002
Stage,1.3336,1.0014
Stage,2.0021,1.0024
Stage,1.5002,0.5008
Stage,1.4998,1.0002
Stage,1.0001,0.0004
Stage,1.1663,0.4993
Stage,1.4992,0.4998
Stage,1.0006,0.0011
Stage,1.2509,0.502
Stage,1.0908,0.4999
Stage,1.0,0.0
Stage,1.9992,1.0003
Stage,1.0003,0.0007
Stage,1.0001,0.0003
Stage,1.0006,0.0023
Stage,1.0003,0.0012
Stage,1.0002,0.0002
Stage,1.5004,1.0016
Stage,1.5002,1.0015
Stage,1.0011,0.0011
Stage,1.2502,1.0016
Stage,1.4995,0.5001
Stage,1.3316,0.9967
Stage,1.2496,0.9992
Stage,2.5008,1.5015
Stage,2.0014,1.0017
Stage,1.0003,0.0006
Stage,1.3308,0.9949
Stage,1.1198,2.9974
Stage,1.9985,0.9998
Stage,1.4993,0.9997
Stage,1.0,0.0
Stage,1.9992,1.0004
Stage,1.0002,0.0004
Stage,1.0003,0.0006
Stage,1.0,0.0001
Stage,1.0004,0.0004
Stage,1.4999,1.0008
Stage,1.0001,0.0001
Stage,1.0,0.0
Stage,1.0,0.0
Stage,2.0,1.0005
Stage,1.0004,0.0008
Stage,1.6656,3.9989
Stage,1.0001,0.0007
Stage,1.5015,0.5016
Stage,2.0011,1.0013
Stage,1.0,0.0
Stage,1.0014,0.0028
Stage,1.166,0.9973
Stage,1.001,0.001
Stage,1.001,0.001
Stage,1.2486,0.9961
Stage,1.0767,1.9961
Stage,1.2858,2.0018
Stage,1.001,0.001
Stage,1.9985,0.9997
Stage,2.0004,1.0007
Stage,1.9994,1.0002
Stage,2.0,1.0004
Stage,1.3328,0.9998
Stage,1.9991,1.0003
Stage,1.0,0.0
Stage,1.0,0.0
Stage,1.4998,0.5003
Stage,2.9988,2.0014
Stage,1.0,0.0
Stage,1.0003,0.0013
Stage,1.0,0.0
Stage,1.0003,0.0003
Stage,1.5005,1.0017
Stage,1.9994,1.0006
Stage,1.3326,0.9987
Stage,1.4997,0.5003
Stage,1.0003,0.0005
Stage,3.0044,2.0063
Stage,1.4999,1.0021
Stage,1.3991,1.9989
Stage,2.0007,1.0014
Stage,1.9992,1.0004
Stage,1.9981,0.9992
Stage,1.0001,0.0001
Stage,1.4998,1.0003
Stage,1.0,0.0001
Stage,1.0,0.0
Stage,1.0,0.0
Stage,1.4992,0.9994
Stage,1.5,1.0006
Stage,1.0003,0.0007
Stage,1.0002,0.0005
Stage,1.3328,1.9993
Stage,2.0004,1.0006
Stage,1.9992,1.0004
Stage,1.0002,0.0002
Stage,1.0008,0.0008
Stage,1.0,0.0
Stage,2.001,1.0013
Stage,1.0002,0.0004
Stage,1.9997,1.001
Stage,1.1996,0.9991
Stage,1.0006,0.0011
Stage,1.3333,3.0018
Stage,1.0001,0.0001
Stage,1.4988,0.9987
Stage,1.0009,0.0017
Stage,1.0004,0.0008
Stage,1.0001,0.0002
Stage,1.0002,0.0003
Stage,1.0,0.0
Stage,1.0,0.0
Stage,1.4995,0.9997
Stage,1.2506,1.0027
Stage,1.0006,0.0025
Stage,1.0009,0.0019
Stage,1.0,0.0
Stage,1.0011,0.0011
Stage,1.0,0.0
Stage,1.9993,1.0004
Stage,1.0004,0.0007
Stage,1.3326,0.9987
Stage,1.4992,0.4998
Stage,1.0001,0.0003
Stage,1.33,0.9929
Stage,1.1665,0.5
Stage,2.0012,1.0017
Stage,1.0005,0.001
Stage,1.0624,0.9995
Stage,1.5004,1.0013
Stage,1.0001,0.0001
Stage,1.3338,0.5011
Stage,1.2494,0.9985
Stage,1.5034,0.5035
Stage,1.9987,0.9999
Stage,1.4999,1.0009
Stage,2.0017,1.002
Stage,1.0001,0.0002
Stage,1.9998,1.0005
Stage,1.0005,0.0033
Stage,1.0002,0.0005
Stage,1.4992,0.9997
Stage,1.0012,0.0048
Stage,2.0013,1.0016
Stage,1.0627,1.004
Stage,1.0,0.0
Stage,1.9966,0.9988
Stage,1.9987,0.9999
Stage,1.001,0.0021
Stage,1.3327,0.999
Stage,1.0005,0.0005
Stage,1.0008,0.0008
Stage,1.0002,0.0004
Stage,1.0,0.0
Stage,1.3334,1.0009
Stage,1.5,1.0009
Stage,1.4287,1.5013
Stage,1.2495,0.999
Stage,1.0004,0.0004
Stage,1.0003,0.0006
Stage,1.5001,1.0009
Stage,1.0,0.0001
Stage,1.0006,0.0006
Stage,1.9996,1.0008
Stage,1.0001,0.0002
Stage,1.0,0.0
Stage,1.7503,1.5013
Stage,1.0006,0.0022
Stage,1.3326,0.9989
Stage,2.0015,3.0076
Stage,2.5045,1.5062
Stage,1.5001,1.0013
Stage,1.5028,1.0068
Stage,1.2573,1.0317
Stage,1.5004,1.0021
Stage,1.5002,1.0015
Stage,2.0022,1.0034
Stage,1.0004,0.0007
Stage,1.0,0.0
Stage,1.0003,0.001
Stage,1.4996,0.5001
Stage,1.9999,1.0011
Stage,1.0001,0.0002
Stage,2.0015,1.0019
Stage,1.0835,0.5016
Stage,1.0002,0.0005
Stage,1.0001,0.0003
Stage,1.0002,0.0004
Stage,2.0002,3.0023
Stage,1.9992,1.0007
Stage,2.0004,1.0007
Stage,2.0016,1.0019
Stage,1.501,0.5011
Stage,1.0008,0.0016
Stage,1.0001,0.0003
Stage,1.0005,0.0005
Stage,1.0007,0.0014
Stage,1.0,0.0
Stage,1.5007,0.5009
Stage,1.0006,0.0012
Stage,1.5009,1.0027
Stage,1.998,0.9997
Heuristic,1.1999,1.0005
Heuristic,1.1368,0.2738
Heuristic,2.2228,2.7529
Heuristic,1.1408,0.2471
Heuristic,1.0906,0.1662
Heuristic,1.5004,1.0016
Heuristic,1.305,0.702
Heuristic,1.3334,0.3337
Heuristic,1.0004,0.0007
Heuristic,1.1245,0.2494
Heuristic,1.2499,1.0006
Heuristic,1.4281,0.4286
Heuristic,1.6659,0.6667
Heuristic,1.1109,0.2219
Heuristic,1.0662,0.1244
Heuristic,1.0004,0.0009
Heuristic,1.332,0.4991
Heuristic,2.6007,3.2033
Heuristic,1.0925,1.7797
Heuristic,1.3333,0.3337
Heuristic,1.4288,0.4291
Heuristic,1.2511,1.0052
Heuristic,1.315,1.1988
Heuristic,1.2503,0.4007
Heuristic,1.4989,0.9994
Heuristic,1.3544,1.8327
Heuristic,1.0164,0.1619
Heuristic,1.8457,5.5015
Heuristic,1.334,1.0025
Heuristic,1.0839,0.1678
Heuristic,1.1663,0.2853
Heuristic,2.1424,1.6008
Heuristic,1.0018,0.0054
Heuristic,1.1445,2.1692
Heuristic,1.4994,0.5
Heuristic,2.0008,1.0012
Heuristic,1.6007,0.6009
Heuristic,1.8586,0.8588
Heuristic,1.0166,0.0166
Heuristic,1.858,0.8581
Heuristic,1.3747,0.3751
Heuristic,1.5715,0.5719
Heuristic,1.0185,0.1299
Heuristic,1.1666,0.3334
Heuristic,1.1664,0.2855
Heuristic,1.25,1.0008
Heuristic,1.2858,0.445
Heuristic,1.5003,0.5008
Heuristic,1.6253,2.5027
Heuristic,1.4551,0.4552
Heuristic,3.004,2.0045
Heuristic,1.3336,0.5007
Heuristic,2.2779,2.5577
Heuristic,1.0766,0.1424
Heuristic,1.8335,1.6682
Heuristic,1.3326,0.6661
Heuristic,1.7801,3.127
Heuristic,1.8335,0.8344
Heuristic,1.6639,1.9967
Heuristic,1.5712,0.5718
Heuristic,1.0004,0.0007
Heuristic,1.9077,8.1742
Heuristic,2.8014,1.8027
Heuristic,1.8335,0.8342
Heuristic,2.2005,1.2011
Heuristic,2.0013,1.0017
Heuristic,3.1255,2.1267
Heuristic,1.5726,0.573
Heuristic,2.5015,1.502
Heuristic,1.2505,0.7517
Heuristic,2.3343,1.3347
Heuristic,1.4264,2.1331
Heuristic,1.7155,0.7157
Heuristic,1.7137,0.7145
Heuristic,1.3496,0.7774
Heuristic,2.0031,1.0035
Heuristic,1.4168,0.8345
Heuristic,1.2488,0.3989
Heuristic,1.1235,0.2476
Heuristic,2.15,4.6042
Heuristic,1.5098,0.5102
Heuristic,1.7151,0.7153
Heuristic,2.4435,2.8907
Heuristic,1.56,1.1227
Heuristic,1.4981,0.9983
Heuristic,1.0009,0.0017
Heuristic,1.111,0.2223
Heuristic,2.0667,3.2034
Heuristic,1.6651,0.6663
Heuristic,1.1924,0.3232
Heuristic,1.9979,2.999
Heuristic,1.999,1.0006
Heuristic,1.0618,0.1238
Heuristic,1.9978,1.9994
Heuristic,1.3122,0.6251
Heuristic,1.7214,2.1671
Heuristic,1.3327,0.9996
Heuristic,1.7272,2.1911
Heuristic,1.6648,0.6662
Heuristic,1.7816,3.1305
Heuristic,1.8317,0.8335
Heuristic,1.1674,0.1675
Heuristic,2.1729,3.5226
Heuristic,1.546,1.6387
Heuristic,1.2,0.6007
Heuristic,1.8765,0.8769
Heuristic,1.7981,2.3988
Heuristic,1.284,0.2846
Heuristic,1.2863,0.4459
Heuristic,2.451,4.3626
Heuristic,1.8309,0.8327
Heuristic,1.1483,0.2973
Heuristic,1.3726,0.7473
Heuristic,1.5014,0.6693
Heuristic,1.722,2.1683
Heuristic,1.4995,1.0003
Heuristic,2.1351,10.2281
Heuristic,2.0011,1.0016
Heuristic,2.4997,1.5013
Heuristic,1.8757,0.8762
Heuristic,1.5988,0.6001
Heuristic,2.0008,1.0009
Heuristic,1.6673,0.6676
Heuristic,1.5711,0.5717
Heuristic,2.2118,3.6436
Heuristic,1.7121,0.7136
Heuristic,1.6009,0.7521
Heuristic,2.3316,2.6674
Heuristic,1.3858,0.5577
Heuristic,1.624,2.4994
Heuristic,1.5005,0.5006
Heuristic,1.6674,0.6681
Heuristic,1.3027,0.6105
Heuristic,1.8323,1.6669
Heuristic,1.0015,0.003
Heuristic,2.2746,2.5548
Heuristic,1.3343,0.502
Heuristic,2.1359,10.2314
Heuristic,1.0161,0.0161
Heuristic,2.4031,1.4041
Heuristic,1.5992,0.6
Heuristic,2.6672,1.6682
Heuristic,1.5189,1.5576
Heuristic,1.8205,0.8207
Heuristic,1.6251,1.1553
Heuristic,2.5027,1.5038
Heuristic,1.9021,1.8051
Heuristic,1.5574,2.2318
Heuristic,1.3338,0.3339
Heuristic,1.3648,0.8036
Heuristic,2.1407,1.1433
Heuristic,1.4279,0.6
Heuristic,1.7808,3.1286
Heuristic,2.9988,4.0029
Heuristic,1.6502,1.1841
Heuristic,1.498,0.4991
Heuristic,1.8309,1.6654
Heuristic,1.9982,2.0003
Heuristic,1.557,1.1187
Heuristic,1.1653,0.497
Heuristic,1.6653,1.9996
Heuristic,1.3982,0.3991
Heuristic,1.3336,0.501
Heuristic,1.4728,2.3657
Heuristic,1.2662,0.7996
Heuristic,1.1195,0.4275
Heuristic,1.501,0.5018
Heuristic,2.0034,1.0037
Heuristic,1.8007,1.6023
Heuristic,1.7995,2.4012
Heuristic,1.4987,0.4997
Heuristic,1.9986,2.0002
Heuristic,1.5446,1.6361
Heuristic,1.4988,0.4999
Heuristic,1.2499,0.6002
Heuristic,1.6294,1.8902
Heuristic,1.4439,0.4444
Heuristic,1.2137,0.428
Heuristic,1.2486,0.9962
Heuristic,1.6665,0.6672
Heuristic,1.7185,0.7201
Heuristic,1.6021,0.7533
Heuristic,1.444,1.3335
Heuristic,2.1972,1.2
Heuristic,1.4992,1.0
Heuristic,1.9676,0.9848
Heuristic,1.1944,0.3908
Heuristic,1.0006,0.0012
Heuristic,1.1139,0.5704
Heuristic,1.6673,0.6677
Heuristic,1.4983,0.4994
Heuristic,1.4997,0.5004
Heuristic,1.0005,0.0011
Heuristic,1.1109,0.2221
Heuristic,1.0465,0.1398
Heuristic,1.6002,0.6014
Heuristic,1.1391,0.5568
Heuristic,1.2999,1.2008
Heuristic,1.6682,0.6686
Heuristic,1.929,1.4462
Heuristic,2.3961,1.3992
Heuristic,1.1667,0.5004
Heuristic,2.1021,1.1025
Heuristic,1.0826,0.1655
Heuristic,1.4986,1.998
Heuristic,1.2511,0.402
Heuristic,1.9108,1.4332
Heuristic,1.5973,0.5987
Heuristic,1.054,0.2053
Heuristic,1.6485,1.5767
Heuristic,1.7121,0.7137
Heuristic,1.0984,0.4486
Heuristic,1.6977,0.6993
Heuristic,1.5009,1.0028
Heuristic,1.8742,1.4017
Heuristic,1.8542,0.8561
Heuristic,2.5981,3.2013
Heuristic,1.0001,0.0005
Heuristic,1.0514,0.3605
Heuristic,1.0905,0.1661
Heuristic,1.1983,0.398
Heuristic,1.1436,0.252
Heuristic,1.3309,0.4974
Heuristic,1.4995,0.9997
Heuristic,1.6007,0.6009
Heuristic,1.2002,0.601
Heuristic,1.833,0.8338
Heuristic,1.0328,0.1644
Heuristic,1.6678,0.6679
Heuristic,1.5021,0.5026
Heuristic,1.1638,1.4102
Heuristic,1.2838,0.2845
Heuristic,1.2233,1.6453
Heuristic,1.3849,0.835
Heuristic,1.7156,1.2531
Heuristic,1.2,0.5009
Heuristic,1.4284,0.4287
Heuristic,1.8009,1.7812
Heuristic,1.0005,0.0009
Heuristic,1.1296,0.8045
Heuristic,1.091,0.2504
Heuristic,1.0007,0.0022
Heuristic,1.2478,0.2483
Heuristic,1.1444,0.253
Heuristic,1.8009,1.3361
Heuristic,1.8328,0.8341
Heuristic,1.0629,0.1258
Heuristic,1.0814,0.3766
Heuristic,1.5003,0.5006
Heuristic,1.1385,0.5545
Heuristic,1.5719,0.5721
Heuristic,1.6658,2.0004
Heuristic,1.1669,0.167
Heuristic,1.077,0.1431
Heuristic,1.7008,1.4024
Heuristic,2.1817,1.6261
Heuristic,1.9104,0.9106
Heuristic,1.287,0.4469
Heuristic,1.1416,0.2839
Heuristic,1.2009,0.3352
Heuristic,1.01,0.1693
Heuristic,1.4289,0.429
Heuristic,1.111,0.2222
Heuristic,1.2003,1.0024
Heuristic,1.1996,0.9989
Heuristic,1.996,2.9961
Heuristic,1.6666,0.6673
Heuristic,2.0001,1.001
Heuristic,2.0057,2.0124
Heuristic,1.0837,0.1675
Heuristic,1.1994,0.3327
Heuristic,1.1105,0.1991
Heuristic,1.047,0.0898
Heuristic,1.364,0.8015
Heuristic,2.1661,1.1675
Heuristic,1.1112,0.2226
Heuristic,1.0002,0.0004
Heuristic,1.1433,0.2869
Heuristic,1.1998,0.3333
Heuristic,1.2871,1.1492
Heuristic,1.0533,0.3543
Heuristic,1.1424,0.3741
Heuristic,1.0905,0.249
Heuristic,1.143,0.3756
Heuristic,1.1612,0.8338
Heuristic,1.317,1.4451
Heuristic,1.312,0.714
Heuristic,1.5386,0.539
Heuristic,1.0004,0.0007
Heuristic,2.3996,1.7511
Heuristic,1.4166,0.8341
Heuristic,1.4999,0.6673
Heuristic,1.3501,1.4015
Heuristic,1.0003,0.0011
Heuristic,1.5625,1.1258
Heuristic,1.7998,1.3343
Heuristic,1.8016,0.8018
Heuristic,1.1107,0.2217
Heuristic,1.3331,1.0005
Heuristic,1.2486,0.5978
Heuristic,1.0011,0.0033
Heuristic,1.0021,0.0062
Heuristic,1.5906,0.5946
Heuristic,1.3327,0.6662
Heuristic,1.5997,0.7504
Heuristic,1.6302,2.5228
Heuristic,1.6244,0.6251
Heuristic,1.8891,0.8899
Heuristic,1.0003,0.0006
Heuristic,1.0473,0.142
Heuristic,1.7139,0.7147
Heuristic,1.4003,0.8013
Heuristic,1.2857,0.4447
Heuristic,1.0833,0.3336
Heuristic,1.2499,0.2502
Heuristic,1.4993,0.9995
Heuristic,1.3335,1.0011
Heuristic,1.3334,1.001
Heuristic,1.2278,0.5573
Heuristic,1.1189,2.8554
Heuristic,1.0001,0.0004
Heuristic,1.5239,1.3762
Heuristic,2.0013,1.0016
Heuristic,1.4996,0.5002
Heuristic,1.4007,0.802
Heuristic,1.2,0.6007
Heuristic,1.2496,0.7496
Heuristic,1.6244,0.6251
Heuristic,1.1103,0.1988
Heuristic,1.5629,1.1264
Heuristic,1.0885,0.4883
Heuristic,1.0626,0.1253
Heuristic,1.2727,0.4289
Heuristic,1.0009,0.0018
Heuristic,1.0001,0.0003
Heuristic,1.1432,0.5015
Heuristic,1.2997,1.2001
Heuristic,1.167,0.1671
Heuristic,1.3504,0.7794
Heuristic,1.4993,1.0003
Heuristic,1.6016,0.6024
Heuristic,1.3039,1.5212
Heuristic,1.8897,0.8909
Heuristic,1.176,0.599
Heuristic,1.2499,1.0004
Heuristic,2.6677,1.6684
Heuristic,2.0025,1.0029
Heuristic,1.2003,0.3342
Heuristic,1.331,0.9956
Heuristic,1.0742,1.8563
Heuristic,2.1657,1.1672
Heuristic,1.9992,2.0008
Heuristic,1.1909,0.5734
Heuristic,1.8746,0.8756
Heuristic,1.3974,0.5695
Heuristic,1.1997,0.3331
Heuristic,1.6303,2.5229
Heuristic,1.5001,0.5007
Heuristic,1.2856,0.6672
Heuristic,1.429,0.4291
Heuristic,1.0425,1.141
Heuristic,1.6669,0.6673
Heuristic,2.501,1.5018
Heuristic,1.2221,0.4445
Heuristic,1.6046,3.7705
Heuristic,1.0808,0.3742
Heuristic,1.6019,0.6021
Heuristic,1.5544,0.5545
Heuristic,1.0835,0.5011
Heuristic,1.1009,0.2019
Heuristic,1.2561,1.4281
Heuristic,1.6679,0.668
Heuristic,1.6016,0.6023
Heuristic,1.2002,1.0019
Heuristic,1.0329,0.855
Heuristic,1.5,3.0022
Heuristic,1.6679,0.6681
Heuristic,1.7491,0.75
Heuristic,1.6263,0.6265
Heuristic,1.9093,0.91
Heuristic,2.0014,1.0018
Heuristic,1.2499,1.0005
Heuristic,1.4007,0.4012
Heuristic,1.5707,0.5714
Heuristic,1.2222,0.8895
Heuristic,1.2499,0.2501
Heuristic,2.1,1.5729
Heuristic,1.8743,0.8753
Heuristic,1.6297,2.5215
Heuristic,1.5708,0.5715
Heuristic,1.2491,0.2494
Heuristic,1.4172,0.835
Heuristic,1.3333,0.5004
Heuristic,1.2665,0.8001
Heuristic,1.4993,0.4999
Heuristic,1.1999,0.4
Heuristic,2.5749,1.8393
Heuristic,1.6267,1.1584
Heuristic,1.2392,1.198
Heuristic,1.5562,0.5566
Heuristic,1.8746,0.8756
Heuristic,1.7496,0.7504
Heuristic,1.2494,0.3994
Heuristic,1.4998,1.0004
Heuristic,1.6303,2.5229
Heuristic,8.3288,20.2533
Heuristic,1.0464,0.399
Heuristic,1.0011,0.0034
Heuristic,1.3842,0.8332
Heuristic,1.0006,0.0012
Heuristic,1.2001,0.3338
Heuristic,1.122,0.8704
Heuristic,1.8579,0.8581
Heuristic,1.8745,0.8755
Heuristic,1.5381,0.5386
Heuristic,1.4277,0.4282
Heuristic,1.4547,0.455
Heuristic,1.8351,0.8353
Heuristic,1.125,0.2502
Heuristic,1.5997,0.7506
Heuristic,1.1996,0.9989
Heuristic,1.5017,1.0039
Heuristic,1.3951,3.4009
Heuristic,1.4281,0.4286
Heuristic,1.1246,0.3326
Heuristic,1.2226,0.4455
Heuristic,1.0771,0.1433
Heuristic,1.2002,0.334
Heuristic,1.272,0.428
Heuristic,1.0001,0.0003
Heuristic,1.0001,0.0003
Heuristic,1.999,1.4998
Heuristic,1.2874,1.15
Heuristic,1.1597,0.639
Heuristic,1.2227,0.4456
Heuristic,1.3375,1.0126
Heuristic,1.0008,0.0008
Heuristic,1.0473,0.1421
Heuristic,2.3323,1.3338
Heuristic,1.0771,0.1433
Heuristic,1.2665,0.8001
Heuristic,1.6244,0.6251
Heuristic,1.0997,0.1995
Heuristic,1.264,0.7943
Heuristic,2.0832,3.2521
Heuristic,2.102,1.1025
Heuristic,1.0011,0.0021
Heuristic,1.2013,3.2243
Heuristic,1.5007,1.0019
Heuristic,1.0001,0.0003
Heuristic,1.2734,0.4299
Heuristic,1.2497,0.9997
Heuristic,1.5016,0.5018
Heuristic,1.6996,0.7004
Heuristic,1.4166,0.8342
Heuristic,1.4008,0.5729
Heuristic,1.0,0.0
Heuristic,1.1998,0.3332
Heuristic,1.0767,0.4275
Heuristic,1.0,0.0001
Heuristic,1.2273,0.556
Heuristic,1.5004,2.0028
Heuristic,2.0013,1.0015
Heuristic,1.2017,3.2288
Heuristic,1.7998,0.8008
Heuristic,1.1998,0.3332
Heuristic,1.2724,0.4285
Heuristic,1.2519,0.504
Heuristic,1.1106,0.3987
Heuristic,1.5716,0.572
Heuristic,1.4557,0.4558
Heuristic,1.3332,0.5001
Heuristic,1.1242,0.221
Heuristic,1.7336,2.2023
Heuristic,1.9287,1.4458
Heuristic,1.25,1.2508
Heuristic,1.1536,0.6662
Heuristic,1.2506,0.2508
Heuristic,1.1669,0.334
Heuristic,1.9998,1.5011
Heuristic,1.1665,0.6665
Heuristic,1.8327,0.8337
Heuristic,2.3986,1.4003
Heuristic,1.1668,0.3339
Heuristic,1.0464,0.399
Heuristic,3.1256,4.2534
Heuristic,1.2228,0.8917
Heuristic,1.1106,0.3986
Heuristic,1.668,2.4073
Heuristic,2.4994,1.5012
Heuristic,1.7864,1.5747
Heuristic,1.6397,1.1739
Heuristic,1.2925,1.173
Heuristic,2.4994,3.0024
Heuristic,1.6369,1.1686
Heuristic,1.8462,0.8472
Heuristic,1.2511,0.5026
Heuristic,1.0001,0.0003
Heuristic,1.047,0.1411
Heuristic,1.5559,0.5564
Heuristic,1.3253,0.4915
Heuristic,1.3334,1.0009
Heuristic,1.8341,0.8345
Heuristic,1.2274,1.3653
Heuristic,1.2497,0.3998
Heuristic,1.1426,0.2497
Heuristic,1.1663,0.2852
Heuristic,2.0001,3.0021
Heuristic,2.199,1.2008
Heuristic,1.9103,0.9106
Heuristic,2.0033,1.0036
Heuristic,1.2509,0.2509
Heuristic,1.1433,0.2509
Heuristic,1.0019,0.0058
Heuristic,1.1674,0.1675
Heuristic,1.1436,0.2514
Heuristic,1.1999,0.6003
Heuristic,1.8912,0.8917
Heuristic,1.2006,0.3345
Heuristic,2.5002,3.0031
Heuristic,1.5555,0.7148
